"host","src","domain","len","numbers","dicts","entropy"
"espn.com.mx","alexa","espn",4,0,0.75,2
"affiliatefuture.co.uk","alexa","affiliatefuture",15,0,1,2.92323142879762
"cityhouse.cn","alexa","cityhouse",9,0,1,3.16992500144231
"tigmeetinz.com","alexa","tigmeetinz",10,0,0.9,2.72192809488736
"tieba.com","alexa","tieba",5,0,1,2.32192809488736
"comico.jp","alexa","comico",6,0,1,1.91829583405449
"exchangerates.org.uk","alexa","exchangerates",13,0,1,3.18083298720544
"watchcount.com","alexa","watchcount",10,0,1,2.92192809488736
"jobs2careers.com","alexa","jobs2careers",12,1,1,3.08496250072116
"usefulenglish.net","alexa","usefulenglish",13,0,1,3.08505510275648
"mugro.info","alexa","mugro",5,0,1,2.32192809488736
"jobsbus.in","alexa","jobsbus",7,0,1,2.23592635062903
"transbank.cl","alexa","transbank",9,0,1,2.72548055699787
"adultmult.tv","alexa","adultmult",9,0,1,2.50325833477565
"jjlfz.com","alexa","jjlfz",5,0,0,1.92192809488736
"time4education.com","alexa","time4education",14,1,1,3.37878349348618
"banki.ru","alexa","banki",5,0,0.8,2.32192809488736
"gooniu.com","alexa","gooniu",6,0,1,2.25162916738782
"suicidegirls.com","alexa","suicidegirls",12,0,1,3.0220552088742
"porus.ru","alexa","porus",5,0,1,2.32192809488736
"techtimes.com","alexa","techtimes",9,0,1,2.72548055699787
"expensify.com","alexa","expensify",9,0,1,2.94770277922009
"goo.im","alexa","goo",3,0,1,0.91829583405449
"managebuilding.com","alexa","managebuilding",14,0,1,3.23592635062903
"ipiccy.com","alexa","ipiccy",6,0,0.833333333333333,1.91829583405449
"designbyhumans.com","alexa","designbyhumans",14,0,0.857142857142857,3.52164063634332
"wardom.org","alexa","wardom",6,0,1,2.58496250072116
"letudiant.fr","alexa","letudiant",9,0,1,2.94770277922009
"kontextua.com","alexa","kontextua",9,0,1,2.94770277922009
"wisconsin.gov","alexa","wisconsin",9,0,1,2.50325833477565
"ideal.es","alexa","ideal",5,0,1,2.32192809488736
"vr-zone.com","alexa","vr-zone",7,0,0.571428571428571,2.8073549220576
"jwplayer.com","alexa","jwplayer",8,0,0.75,3
"paymaster.ru","alexa","paymaster",9,0,1,2.94770277922009
"klip2save.com","alexa","klip2save",9,1,1,3.16992500144231
"allmenus.com","alexa","allmenus",8,0,1,2.75
"google.lu","alexa","google",6,0,1,1.91829583405449
"gamebaby.com","alexa","gamebaby",8,0,1,2.5
"ixiangyong.com","alexa","ixiangyong",10,0,1,2.72192809488736
"orange.pl","alexa","orange",6,0,1,2.58496250072116
"shopbot.ca","alexa","shopbot",7,0,1,2.52164063634332
"japannetbank.co.jp","alexa","japannetbank",12,0,1,2.79248125036058
"fukuoka.lg.jp","alexa","fukuoka",7,0,1,2.23592635062903
"otoraba.com","alexa","otoraba",7,0,1,2.23592635062903
"24smile.net","alexa","24smile",7,2,1,2.8073549220576
"lumberliquidators.com","alexa","lumberliquidators",17,0,1,3.61687460595622
"onlinemapfinder.com","alexa","onlinemapfinder",15,0,1,3.32323142879762
"twenty19.com","alexa","twenty19",8,2,1,2.75
"phantomjs.org","alexa","phantomjs",9,0,0.777777777777778,3.16992500144231
"matomyseo.com","alexa","matomyseo",9,0,0.666666666666667,2.72548055699787
"juiceadv.com","alexa","juiceadv",8,0,1,3
"leon.do","alexa","leon",4,0,1,2
"cloudflare.com","alexa","cloudflare",10,0,1,3.12192809488736
"k7x.com","alexa","k7x",3,1,0.333333333333333,1.58496250072116
"linode.com","alexa","linode",6,0,1,2.58496250072116
"webgirondins.com","alexa","webgirondins",12,0,1,3.25162916738782
"sipgate.de","alexa","sipgate",7,0,1,2.8073549220576
"aol.jp","alexa","aol",3,0,1,1.58496250072116
"nieruchomosci-online.pl","alexa","nieruchomosci-online",20,0,0.95,3.40869496956284
"perlmonks.org","alexa","perlmonks",9,0,1,3.16992500144231
"wikisource.org","alexa","wikisource",10,0,0.7,3.12192809488736
"bannersdontwork.com","alexa","bannersdontwork",15,0,1,3.32323142879762
"pelanhaa.ir","alexa","pelanhaa",8,0,1,2.40563906222957
"exactrelease.org","alexa","exactrelease",12,0,1,2.75162916738782
"crowdflower.com","alexa","crowdflower",11,0,1,2.91397707318275
"pornteengirl.com","alexa","pornteengirl",12,0,1,3.08496250072116
"oisix.com","alexa","oisix",5,0,0.8,1.92192809488736
"boerse.bz","alexa","boerse",6,0,1,2.25162916738782
"klick-tipp.com","alexa","klick-tipp",10,0,0.8,2.72192809488736
"gaaks.com","alexa","gaaks",5,0,0,1.92192809488736
"wikidot.com","alexa","wikidot",7,0,0.714285714285714,2.52164063634332
"russianbrides.com","alexa","russianbrides",13,0,1,3.02698683335929
"sportsmansguide.com","alexa","sportsmansguide",15,0,1,3.58989809546429
"government.bg","alexa","government",10,0,1,2.92192809488736
"dapink.com","alexa","dapink",6,0,1,2.58496250072116
"healthunlocked.com","alexa","healthunlocked",14,0,1,3.37878349348618
"spring.io","alexa","spring",6,0,1,2.58496250072116
"border-radius.com","alexa","border-radius",13,0,0.923076923076923,3.18083298720544
"17zwd.com","alexa","17zwd",5,2,0.4,2.32192809488736
"hideme.ru","alexa","hideme",6,0,1,2.25162916738782
"htpc1.com","alexa","htpc1",5,1,0.8,2.32192809488736
"baboo.com.br","alexa","baboo",5,0,1,1.52192809488736
"wowturkey.com","alexa","wowturkey",9,0,1,2.94770277922009
"downloadstartup.com","alexa","downloadstartup",15,0,1,3.37355726227519
"dogtime.com","alexa","dogtime",7,0,1,2.8073549220576
"croatia.hr","alexa","croatia",7,0,1,2.52164063634332
"refresher.sk","alexa","refresher",9,0,1,2.11328333429487
"mumbaimirror.com","alexa","mumbaimirror",12,0,1,2.62581458369391
"musicme.com","alexa","musicme",7,0,0.857142857142857,2.52164063634332
"wakingtimes.com","alexa","wakingtimes",11,0,1,3.27761343681912
"myedomain.info","alexa","myedomain",9,0,0.888888888888889,2.94770277922009
"psrconnect.com","alexa","psrconnect",10,0,1,2.92192809488736
"installationchin.eu","alexa","installationchin",16,0,1,3.03063906222957
"kuoid.co.uk","alexa","kuoid",5,0,1,2.32192809488736
"kaigai-tsuhan.com","alexa","kaigai-tsuhan",13,0,0.615384615384615,3.18083298720544
"ometal.com","alexa","ometal",6,0,1,2.58496250072116
"3pornstarmovies.com","alexa","3pornstarmovies",15,1,1,3.50689059560852
"myplayyard.com","alexa","myplayyard",10,0,0.8,2.64643934467102
"dishtv.in","alexa","dishtv",6,0,0.833333333333333,2.58496250072116
"kmkz.ro","alexa","kmkz",4,0,0,1.5
"de237d405f74ac6e4d586fc47833b011.org","bamital","de237d405f74ac6e4d586fc47833b011",32,21,0.65625,3.80422929667217
"9162cba229b2feba3d962c4588034ae5.co.cc","bamital","9162cba229b2feba3d962c4588034ae5",32,20,0.75,3.75392803184602
"52722174c70b666976c3be985daac4ad.info","bamital","52722174c70b666976c3be985daac4ad",32,21,0.65625,3.74172929667217
"073ead1600cf9a3c734bfdcb9092422f.co.cc","bamital","073ead1600cf9a3c734bfdcb9092422f",32,19,0.84375,3.69454882778696
"7eb3567de62a735cfe9fe9fe8fa9fec6.cz.cc","bamital","7eb3567de62a735cfe9fe9fe8fa9fec6",32,15,0.65625,3.45674756296081
"4b58503ed5b23dc6ec02bbc5935211c5.cz.cc","bamital","4b58503ed5b23dc6ec02bbc5935211c5",32,20,0.71875,3.46813906222957
"43e6c478fb3b25fde0dbc5d09cb211c5.co.cc","bamital","43e6c478fb3b25fde0dbc5d09cb211c5",32,17,0.53125,3.76531953111478
"3c717e7f042ed613f6db047f0d9f4343.info","bamital","3c717e7f042ed613f6db047f0d9f4343",32,21,0.65625,3.51531953111478
"e3ac65d0410ce7d93216bc952d0dbbb3.org","bamital","e3ac65d0410ce7d93216bc952d0dbbb3",32,18,0.65625,3.67922929667217
"86875ab052d0d4a0d1d33fdfd617a009.co.cc","bamital","86875ab052d0d4a0d1d33fdfd617a009",32,20,0.71875,3.56642803184602
"f183ac23b2f20de18613c4614fabaf5f.info","bamital","f183ac23b2f20de18613c4614fabaf5f",32,18,0.6875,3.62892803184602
"66a6016e38e8e6b5b8f20a7803675ff8.info","bamital","66a6016e38e8e6b5b8f20a7803675ff8",32,22,0.6875,3.39424756296081
"fe07518d78adba880c4c6b9a45f5d45c.org","bamital","fe07518d78adba880c4c6b9a45f5d45c",32,18,0.6875,3.65563906222957
"d7788abe0bdd821869b7e3970d8a9669.co.cc","bamital","d7788abe0bdd821869b7e3970d8a9669",32,21,0.84375,3.40251826628863
"d51580e0618e823207cc86327bf88621.cz.cc","bamital","d51580e0618e823207cc86327bf88621",32,25,0.78125,3.50704882778696
"ba4d1bfdea0887917e39c20b5cb52c13.cz.cc","bamital","ba4d1bfdea0887917e39c20b5cb52c13",32,18,0.71875,3.82781953111478
"854463ec300bc787a595d9cbf8d6e6aa.org","bamital","854463ec300bc787a595d9cbf8d6e6aa",32,19,0.59375,3.75704882778696
"9fa6367fa3f65e6fb2051dfd31495e31.co.cc","bamital","9fa6367fa3f65e6fb2051dfd31495e31",32,20,0.71875,3.59001826628863
"d14d4ae4cfdbb8df3c357e5c48c1b2fd.info","bamital","d14d4ae4cfdbb8df3c357e5c48c1b2fd",32,14,0.53125,3.52751826628863
"c7bd7bd5566eeb67a0bd0bc5c53749c2.cz.cc","bamital","c7bd7bd5566eeb67a0bd0bc5c53749c2",32,17,0.53125,3.46501826628863
"6a1717868fc11e6f066f937411932138.org","bamital","6a1717868fc11e6f066f937411932138",32,26,0.8125,3.36622890820332
"7db0b9d41eb1800c6f25cad84015b053.org","bamital","7db0b9d41eb1800c6f25cad84015b053",32,20,0.71875,3.75392803184602
"1fafca2e89da3931da7d819dc5e20ca6.org","bamital","1fafca2e89da3931da7d819dc5e20ca6",32,16,0.625,3.62892803184602
"9c95652a5dd8c495339d96a5e80b34ea.cz.cc","bamital","9c95652a5dd8c495339d96a5e80b34ea",32,21,0.65625,3.51612676701987
"9d6e51f39d5edae349a2f7aa3da3dfbc.org","bamital","9d6e51f39d5edae349a2f7aa3da3dfbc",32,14,0.5625,3.51612676701987
"89f76b422e942a06c6bc6b8525b7fd23.cz.cc","bamital","89f76b422e942a06c6bc6b8525b7fd23",32,21,0.65625,3.69969873517385
"00b67ad0aa338175ee74c01fdd9cde99.co.cc","bamital","00b67ad0aa338175ee74c01fdd9cde99",32,18,0.5625,3.71813906222957
"4f223cc8366fd87c8fda29c21cd5f3fb.info","bamital","4f223cc8366fd87c8fda29c21cd5f3fb",32,17,0.625,3.51612676701987
"9287fd6a0545c61efac9285fbd8f0141.co.cc","bamital","9287fd6a0545c61efac9285fbd8f0141",32,20,0.71875,3.80422929667217
"8c370d070191f7f43bfdf7e71bf73db5.cz.cc","bamital","8c370d070191f7f43bfdf7e71bf73db5",32,19,0.6875,3.40956709407559
"9cd6e7f48d9046ed173d3ae35daa5b1a.co.cc","bamital","9cd6e7f48d9046ed173d3ae35daa5b1a",32,17,0.53125,3.71501826628863
"2409615f5cb7e40f938481f1d9b7f290.co.cc","bamital","2409615f5cb7e40f938481f1d9b7f290",32,23,0.71875,3.74172929667217
"0ada6839eba4e62c191109efeff61f7b.co.cc","bamital","0ada6839eba4e62c191109efeff61f7b",32,17,0.84375,3.67922929667217
"cae9dc84506f509997ddff91bbb25da5.info","bamital","cae9dc84506f509997ddff91bbb25da5",32,17,0.71875,3.65251826628863
"bd9c480260a9bff4e801fd306f2bc5ab.info","bamital","bd9c480260a9bff4e801fd306f2bc5ab",32,17,0.53125,3.75
"f58247b10cb1402272ce30aa9eae7534.co.cc","bamital","f58247b10cb1402272ce30aa9eae7534",32,21,0.65625,3.69454882778696
"24b1f7d5944dc5879d3ed12e5670c216.co.cc","bamital","24b1f7d5944dc5879d3ed12e5670c216",32,22,0.6875,3.75704882778696
"98d19585f729634f9695025fde29b94e.info","bamital","98d19585f729634f9695025fde29b94e",32,24,0.75,3.52621064191468
"68502b96f7d8e404248050d86519cfeb.org","bamital","68502b96f7d8e404248050d86519cfeb",32,23,0.84375,3.67922929667217
"fcfc7950eb4dc2cef28574d0c31a4a60.cz.cc","bamital","fcfc7950eb4dc2cef28574d0c31a4a60",32,17,0.71875,3.81642803184602
"46fde745cf2c996fd9f2e4ef2f867152.info","bamital","46fde745cf2c996fd9f2e4ef2f867152",32,19,0.59375,3.42095859334435
"580950c09724f10101c428f9cc3bfa83.co.cc","bamital","580950c09724f10101c428f9cc3bfa83",32,23,0.8125,3.54283779740342
"41c3fb8f5ac90b8fbb70178619e51b52.co.cc","bamital","41c3fb8f5ac90b8fbb70178619e51b52",32,20,0.625,3.69142803184602
"eaaf8d64c9990868639e9fe4191fd47f.co.cc","bamital","eaaf8d64c9990868639e9fe4191fd47f",32,20,0.75,3.48345859334435
"d67850153ad98b53d6b23ee75cad59b2.info","bamital","d67850153ad98b53d6b23ee75cad59b2",32,20,0.71875,3.65251826628863
"080930e0d60390faaf1be34e905ac9ce.org","bamital","080930e0d60390faaf1be34e905ac9ce",32,19,0.71875,3.46371064191468
"63f5b5480fc090f87ff36adca43d68cc.info","bamital","63f5b5480fc090f87ff36adca43d68cc",32,18,0.6875,3.54283779740342
"9d9e560e1ecd37e14548633eeb8dac15.cz.cc","bamital","9d9e560e1ecd37e14548633eeb8dac15",32,19,0.78125,3.60845859334435
"b0b8a06590cddea1399bc4f247243204.org","bamital","b0b8a06590cddea1399bc4f247243204",32,21,0.78125,3.80422929667217
"dcf2bd26de3339a539e898b4ad55cfb7.cz.cc","bamital","dcf2bd26de3339a539e898b4ad55cfb7",32,17,0.625,3.67922929667217
"f9d0a77a517e8a23918997b30960982d.cz.cc","bamital","f9d0a77a517e8a23918997b30960982d",32,24,0.75,3.56954882778696
"fb88ec464878bc10261656ebc0140e67.cz.cc","bamital","fb88ec464878bc10261656ebc0140e67",32,22,0.6875,3.4331573285182
"e3a90efdb2e7f257354ba12f42a8fbb4.cz.cc","bamital","e3a90efdb2e7f257354ba12f42a8fbb4",32,17,0.625,3.61672929667217
"d2fa9c02a61b22d1badc03d3e28592b9.org","bamital","d2fa9c02a61b22d1badc03d3e28592b9",32,18,0.6875,3.56954882778696
"9ccfe4a7e8b88cb2ab81fc86bc77769a.co.cc","bamital","9ccfe4a7e8b88cb2ab81fc86bc77769a",32,16,0.625,3.37580723590509
"3a814627c9ce4331eb7be6409ded9ac0.cz.cc","bamital","3a814627c9ce4331eb7be6409ded9ac0",32,19,0.6875,3.71813906222957
"8a4e90503341fddc87468b8b740c6f40.cz.cc","bamital","8a4e90503341fddc87468b8b740c6f40",32,22,0.78125,3.69969873517385
"f81dad20c49a909ac6a31d72d6d63524.co.cc","bamital","f81dad20c49a909ac6a31d72d6d63524",32,20,0.71875,3.62892803184602
"fb014549a329643a87dad4f9bb0c46c2.co.cc","bamital","fb014549a329643a87dad4f9bb0c46c2",32,20,0.71875,3.75392803184602
"2b54eb5687dff8bcfb5406796f704e53.org","bamital","2b54eb5687dff8bcfb5406796f704e53",32,20,0.75,3.61672929667217
"5c76d661580e6522f4ac441297d6b1ac.co.cc","bamital","5c76d661580e6522f4ac441297d6b1ac",32,22,0.6875,3.70674756296081
"ac43a68c3058e22aef0355c7170e0048.info","bamital","ac43a68c3058e22aef0355c7170e0048",32,22,0.78125,3.5581573285182
"5c2b650e922e597882d5c8c728695dde.info","bamital","5c2b650e922e597882d5c8c728695dde",32,22,0.78125,3.30503653257727
"aba0b751ce7dac35e7717472b6d45ea8.co.cc","bamital","aba0b751ce7dac35e7717472b6d45ea8",32,18,0.75,3.56954882778696
"adb0381f61714c7f4a1f2f04d1dd0914.cz.cc","bamital","adb0381f61714c7f4a1f2f04d1dd0914",32,20,0.71875,3.49172929667217
"74149545a1b0353f1af7d7073147f313.cz.cc","bamital","74149545a1b0353f1af7d7073147f313",32,25,0.78125,3.23941573663633
"30a9d94948205b92a29910d45421b4a7.org","bamital","30a9d94948205b92a29910d45421b4a7",32,25,0.78125,3.35533779740342
"5c58843c3fbc60d7924afffcaad3894e.co.cc","bamital","5c58843c3fbc60d7924afffcaad3894e",32,17,0.75,3.71813906222957
"77435c50b5be25b4262400f87ef60925.cz.cc","bamital","77435c50b5be25b4262400f87ef60925",32,24,0.75,3.50392803184602
"0b27da81cf7c68af1ffb59b0eb9a8127.cz.cc","bamital","0b27da81cf7c68af1ffb59b0eb9a8127",32,17,0.53125,3.65563906222957
"0ad12e5a78b489035c10fb2269356a85.cz.cc","bamital","0ad12e5a78b489035c10fb2269356a85",32,23,0.71875,3.84313906222957
"1b652aa0c584fee5725a2cb6db866a6d.cz.cc","bamital","1b652aa0c584fee5725a2cb6db866a6d",32,18,0.65625,3.59001826628863
"725e236777ce68c6c1b48c740b12afa0.cz.cc","bamital","725e236777ce68c6c1b48c740b12afa0",32,21,0.75,3.65251826628863
"4b2ac39fab9b9120b46930de793e78e9.info","bamital","4b2ac39fab9b9120b46930de793e78e9",32,20,0.71875,3.65563906222957
"483dc1d5b3909db2745da9dc995e12f6.cz.cc","bamital","483dc1d5b3909db2745da9dc995e12f6",32,20,0.625,3.75080723590509
"a1e9e22cfb5f37df747d84d1d869aa5f.org","bamital","a1e9e22cfb5f37df747d84d1d869aa5f",32,17,0.625,3.76531953111478
"36f9262079d81dea2432c05895adbbb3.co.cc","bamital","36f9262079d81dea2432c05895adbbb3",32,21,0.90625,3.84313906222957
"b3a73e664da3d0df9dc2838fd1a254e0.org","bamital","b3a73e664da3d0df9dc2838fd1a254e0",32,18,0.5625,3.80110850073124
"391f1668b5d6c301ed12310e38fb803e.cz.cc","bamital","391f1668b5d6c301ed12310e38fb803e",32,22,0.6875,3.49253653257727
"6d9d13c2ec104f8f866818dc34b31c79.info","bamital","6d9d13c2ec104f8f866818dc34b31c79",32,21,0.65625,3.61672929667217
"1474d22f638e596015c2a557464714af.cz.cc","bamital","1474d22f638e596015c2a557464714af",32,25,0.78125,3.66783779740342
"0b06ea45e7dbe215d21f894a64b07f10.co.cc","bamital","0b06ea45e7dbe215d21f894a64b07f10",32,20,0.71875,3.71813906222957
"c425d82f9c70125d03be87a14ee554ee.info","bamital","c425d82f9c70125d03be87a14ee554ee",32,20,0.625,3.71501826628863
"49a9c63f101c0dad5d289c1227069e7a.co.cc","bamital","49a9c63f101c0dad5d289c1227069e7a",32,21,0.75,3.73345859334435
"cf0aad13e03bf402a2e6d65658183679.info","bamital","cf0aad13e03bf402a2e6d65658183679",32,21,0.65625,3.86672929667217
"ba671d1be631a3dcf761bed552cfef3b.org","bamital","ba671d1be631a3dcf761bed552cfef3b",32,15,0.65625,3.50704882778696
"cb592821bca5b0d881a67af0da80f33a.org","bamital","cb592821bca5b0d881a67af0da80f33a",32,18,0.5625,3.65251826628863
"e6dfd5873f842fd469236fd5468e8475.org","bamital","e6dfd5873f842fd469236fd5468e8475",32,22,0.78125,3.35140976555739
"7b20e4dfcd983bab2a12bda15d9a4865.co.cc","bamital","7b20e4dfcd983bab2a12bda15d9a4865",32,17,0.8125,3.78890976555739
"2c5030e958694068272168878e3c94ff.cz.cc","bamital","2c5030e958694068272168878e3c94ff",32,26,0.8125,3.60533779740342
"673f82a30c3726a95373d7a235cacfe6.co.cc","bamital","673f82a30c3726a95373d7a235cacfe6",32,21,0.8125,3.44454882778696
"3832eb413dcdd533efa8d4f36e4bf6e0.info","bamital","3832eb413dcdd533efa8d4f36e4bf6e0",32,17,0.625,3.53063906222957
"c49e594b18d998a30db3a32628d183d4.cz.cc","bamital","c49e594b18d998a30db3a32628d183d4",32,22,0.6875,3.60140976555739
"bef80538656db80c1e156d1a31fdd273.co.cc","bamital","bef80538656db80c1e156d1a31fdd273",32,20,0.71875,3.65563906222957
"ac217bf65c49dfa2c669e68d827ecdec.org","bamital","ac217bf65c49dfa2c669e68d827ecdec",32,16,0.75,3.62892803184602
"c2bd73a80af1d60fc831b641a87f2025.co.cc","bamital","c2bd73a80af1d60fc831b641a87f2025",32,20,0.625,3.73345859334435
"7ea397875f33f695ed4771e424cdc93c.co.cc","bamital","7ea397875f33f695ed4771e424cdc93c",32,21,0.75,3.60533779740342
"c5d8dd6c8caf5cf97705435dba49ce84.cz.cc","bamital","c5d8dd6c8caf5cf97705435dba49ce84",32,17,0.71875,3.59001826628863
"c78189c993a52bee5a10de805f035f70.cz.cc","bamital","c78189c993a52bee5a10de805f035f70",32,21,0.75,3.67922929667217
"012cac3bb20ba0a4ff2514112e6bdd6d.info","bamital","012cac3bb20ba0a4ff2514112e6bdd6d",32,17,0.71875,3.55422929667217
"itupbuasfqqvo.ru","cryptolocker","itupbuasfqqvo",13,0,0.538461538461538,3.39274741044878
"fqheksrmlctxhw.info","cryptolocker","fqheksrmlctxhw",14,0,0.5,3.66449777920046
"movovleqjkfgx.org","cryptolocker","movovleqjkfgx",13,0,0.307692307692308,3.39274741044878
"jjfppyytkjfo.biz","cryptolocker","jjfppyytkjfo",12,0,0.25,2.68872187554087
"uyvdeqedwllc.com","cryptolocker","uyvdeqedwllc",12,0,0.75,3.08496250072116
"cetlqqdijyqisb.info","cryptolocker","cetlqqdijyqisb",14,0,0.428571428571429,3.32486295761736
"xrpfjspkvlihn.com","cryptolocker","xrpfjspkvlihn",13,0,0,3.54659356429494
"duinqwvofctjs.net","cryptolocker","duinqwvofctjs",13,0,0.461538461538462,3.70043971814109
"dfdxqmjeflwavi.org","cryptolocker","dfdxqmjeflwavi",14,0,0.714285714285714,3.52164063634332
"qvnihreqpinp.biz","cryptolocker","qvnihreqpinp",12,0,0.833333333333333,2.91829583405449
"yfttbtfcdcnj.co.uk","cryptolocker","yfttbtfcdcnj",12,0,0.416666666666667,2.85538854220753
"wcitlkhyoiufrdf.ru","cryptolocker","wcitlkhyoiufrdf",15,0,0.8,3.64022392894185
"ytpsxcxrkruyed.net","cryptolocker","ytpsxcxrkruyed",14,0,0.642857142857143,3.37878349348618
"bxqsoiujiqjng.ru","cryptolocker","bxqsoiujiqjng",13,0,0.538461538461538,3.23890125660263
"gplmmsnjoptuto.biz","cryptolocker","gplmmsnjoptuto",14,0,0.928571428571429,3.23592635062903
"aymolbckeytgvv.co.uk","cryptolocker","aymolbckeytgvv",14,0,0.785714285714286,3.52164063634332
"qqijwbfheqyh.co.uk","cryptolocker","qqijwbfheqyh",12,0,0,3.0220552088742
"sghohtjlthhe.biz","cryptolocker","sghohtjlthhe",12,0,0.25,2.75162916738782
"gplfygppyqrl.org","cryptolocker","gplfygppyqrl",12,0,0.333333333333333,2.68872187554087
"bxbekjvxcdgih.biz","cryptolocker","bxbekjvxcdgih",13,0,0.230769230769231,3.39274741044878
"mjsjgqtshqtsref.co.uk","cryptolocker","mjsjgqtshqtsref",15,0,0.666666666666667,3.18989809546429
"ifstoqhmywfiac.ru","cryptolocker","ifstoqhmywfiac",14,0,0.428571428571429,3.52164063634332
"wexcjntojpkrf.info","cryptolocker","wexcjntojpkrf",13,0,0.538461538461538,3.54659356429494
"qwujxmgepsoooo.com","cryptolocker","qwujxmgepsoooo",14,0,0.5,3.23592635062903
"dgtmesmfynrypab.ru","cryptolocker","dgtmesmfynrypab",15,0,0.466666666666667,3.64022392894185
"ohogbytryisjmyq.net","cryptolocker","ohogbytryisjmyq",15,0,0.6,3.45656476213095
"qydulqdogbmw.co.uk","cryptolocker","qydulqdogbmw",12,0,0.5,3.25162916738782
"npqjbsmdpsur.org","cryptolocker","npqjbsmdpsur",12,0,0.75,3.25162916738782
"ctxbrccqppoxtoh.co.uk","cryptolocker","ctxbrccqppoxtoh",15,0,0.666666666666667,3.05656476213095
"svfarqdufngaecy.org","cryptolocker","svfarqdufngaecy",15,0,0.6,3.64022392894185
"xmjidgewbcfa.co.uk","cryptolocker","xmjidgewbcfa",12,0,0.416666666666667,3.58496250072116
"molivkefinkujx.co.uk","cryptolocker","molivkefinkujx",14,0,0.785714285714286,3.52164063634332
"lwlelhqlixylqm.org","cryptolocker","lwlelhqlixylqm",14,0,0.642857142857143,2.83523774531212
"elttfcqisjlkw.net","cryptolocker","elttfcqisjlkw",13,0,0.692307692307692,3.39274741044878
"dgnsiqxxawajuy.info","cryptolocker","dgnsiqxxawajuy",14,0,0.428571428571429,3.52164063634332
"dtjyxyxbhmqlqj.co.uk","cryptolocker","dtjyxyxbhmqlqj",14,0,0,3.23592635062903
"qbsosdvyxlasvl.co.uk","cryptolocker","qbsosdvyxlasvl",14,0,0.714285714285714,3.18200581476021
"cukjnfuqynmsr.biz","cryptolocker","cukjnfuqynmsr",13,0,0.538461538461538,3.39274741044878
"gergcwjnjqdd.ru","cryptolocker","gergcwjnjqdd",12,0,0.333333333333333,3.08496250072116
"rvjdsmvhnvfx.com","cryptolocker","rvjdsmvhnvfx",12,0,0.333333333333333,3.18872187554087
"lygecialohnkc.ru","cryptolocker","lygecialohnkc",13,0,0.538461538461538,3.39274741044878
"ruyutlqfifooq.net","cryptolocker","ruyutlqfifooq",13,0,0.615384615384615,3.08505510275648
"qdodtkujfltinwb.net","cryptolocker","qdodtkujfltinwb",15,0,0.6,3.64022392894185
"fklhiucdplybiep.org","cryptolocker","fklhiucdplybiep",15,0,0.6,3.50689059560852
"pichejiinmcxtiw.biz","cryptolocker","pichejiinmcxtiw",15,0,0.866666666666667,3.24022392894185
"pjbnaktxlptq.net","cryptolocker","pjbnaktxlptq",12,0,0.5,3.25162916738782
"edwyddhldathsr.com","cryptolocker","edwyddhldathsr",14,0,0.5,3.09306920777189
"bitxkjdamofnsil.info","cryptolocker","bitxkjdamofnsil",15,0,0.666666666666667,3.77355726227519
"limggxveqtlb.net","cryptolocker","limggxveqtlb",12,0,0.5,3.25162916738782
"prfoeqclkdmy.org","cryptolocker","prfoeqclkdmy",12,0,0.666666666666667,3.58496250072116
"dlkknuojqjpq.biz","cryptolocker","dlkknuojqjpq",12,0,0,3.08496250072116
"ajqahtlefctodcp.ru","cryptolocker","ajqahtlefctodcp",15,0,0.666666666666667,3.50689059560852
"xptdjhsrvwxvec.info","cryptolocker","xptdjhsrvwxvec",14,0,0.428571428571429,3.52164063634332
"btxrsbtnepmudn.ru","cryptolocker","btxrsbtnepmudn",14,0,0.714285714285714,3.37878349348618
"coljbwoemlbe.com","cryptolocker","coljbwoemlbe",12,0,0.666666666666667,2.91829583405449
"ewhmoqkbrrjk.ru","cryptolocker","ewhmoqkbrrjk",12,0,0.25,3.25162916738782
"bfdvjoahshmsrhf.info","cryptolocker","bfdvjoahshmsrhf",15,0,0.666666666666667,3.32323142879762
"quhqkngjlekjoo.net","cryptolocker","quhqkngjlekjoo",14,0,0.5,3.23592635062903
"isunloorsoanrlc.com","cryptolocker","isunloorsoanrlc",15,0,0.8,3.05656476213095
"dqnyrkfctbufvcp.ru","cryptolocker","dqnyrkfctbufvcp",15,0,0.4,3.64022392894185
"qwtjgkbuovxj.net","cryptolocker","qwtjgkbuovxj",12,0,0,3.41829583405449
"plslhdyxboojv.net","cryptolocker","plslhdyxboojv",13,0,0.692307692307692,3.39274741044878
"kinqvdxicggm.biz","cryptolocker","kinqvdxicggm",12,0,0.25,3.25162916738782
"dfwphqhtitvdbbv.biz","cryptolocker","dfwphqhtitvdbbv",15,0,0.466666666666667,3.24022392894185
"rjolcobiobqm.net","cryptolocker","rjolcobiobqm",12,0,0.416666666666667,3.0220552088742
"fqkfaqtpilqmge.ru","cryptolocker","fqkfaqtpilqmge",14,0,0.714285714285714,3.32486295761736
"pajrcjvjkjwwlvq.info","cryptolocker","pajrcjvjkjwwlvq",15,0,0.2,3.10689059560852
"aqigeanewuju.com","cryptolocker","aqigeanewuju",12,0,0.5,3.08496250072116
"cjqrgrchvpftuax.co.uk","cryptolocker","cjqrgrchvpftuax",15,0,0.6,3.64022392894185
"sbnlxfgqjncewnj.net","cryptolocker","sbnlxfgqjncewnj",15,0,0.2,3.45656476213095
"nrpwglqxylhfld.co.uk","cryptolocker","nrpwglqxylhfld",14,0,0.642857142857143,3.4677201004745
"mjfhrkkwdmsc.biz","cryptolocker","mjfhrkkwdmsc",12,0,0.416666666666667,3.25162916738782
"ypbrdccjacpjm.com","cryptolocker","ypbrdccjacpjm",13,0,0.615384615384615,3.02698683335929
"gtajnxnxpwmmi.info","cryptolocker","gtajnxnxpwmmi",13,0,0.307692307692308,3.23890125660263
"eqjxsiaekkks.ru","cryptolocker","eqjxsiaekkks",12,0,0.5,2.85538854220753
"jmykrtugsvqukco.biz","cryptolocker","jmykrtugsvqukco",15,0,0.333333333333333,3.64022392894185
"hicpslxulngm.org","cryptolocker","hicpslxulngm",12,0,0.75,3.41829583405449
"vjmfrwxyndjlilk.org","cryptolocker","vjmfrwxyndjlilk",15,0,0.466666666666667,3.64022392894185
"awipvubjdeyq.com","cryptolocker","awipvubjdeyq",12,0,0.5,3.58496250072116
"brpkxpjmfgnejh.biz","cryptolocker","brpkxpjmfgnejh",14,0,0.285714285714286,3.52164063634332
"cyiwejiuoulfuus.com","cryptolocker","cyiwejiuoulfuus",15,0,0.2,3.24022392894185
"repyioctfyhik.com","cryptolocker","repyioctfyhik",13,0,0.615384615384615,3.39274741044878
"hlvawqcodqpslfn.org","cryptolocker","hlvawqcodqpslfn",15,0,0.733333333333333,3.64022392894185
"ilovdlckgbwiyo.net","cryptolocker","ilovdlckgbwiyo",14,0,0.928571428571429,3.37878349348618
"ngssfvrimukmh.biz","cryptolocker","ngssfvrimukmh",13,0,0.615384615384615,3.39274741044878
"nawbtogdqbchbyh.biz","cryptolocker","nawbtogdqbchbyh",15,0,0.733333333333333,3.45656476213095
"ejexxpbjgburrop.biz","cryptolocker","ejexxpbjgburrop",15,0,0.4,3.10689059560852
"eokdeoksjffe.ru","cryptolocker","eokdeoksjffe",12,0,0.25,2.68872187554087
"wewhugqwlhpov.co.uk","cryptolocker","wewhugqwlhpov",13,0,0.769230769230769,3.18083298720544
"eieavmwgyeifjc.info","cryptolocker","eieavmwgyeifjc",14,0,0.428571428571429,3.32486295761736
"cyttpcxceadut.ru","cryptolocker","cyttpcxceadut",13,0,0.923076923076923,2.9689185639621
"grtvmggbmckppjh.org","cryptolocker","grtvmggbmckppjh",15,0,0.2,3.32323142879762
"yxelxjujsxulyp.com","cryptolocker","yxelxjujsxulyp",14,0,0,2.89629152904593
"bfyixnnrvjmilrc.biz","cryptolocker","bfyixnnrvjmilrc",15,0,0.533333333333333,3.50689059560852
"xedorqodahteam.org","cryptolocker","xedorqodahteam",14,0,0.928571428571429,3.23592635062903
"ebcnewhirnesnm.info","cryptolocker","ebcnewhirnesnm",14,0,0.785714285714286,3.12808527889139
"geevfajqpsxaj.net","cryptolocker","geevfajqpsxaj",13,0,0.230769230769231,3.23890125660263
"kplhasawgwginbh.biz","cryptolocker","kplhasawgwginbh",15,0,0.666666666666667,3.37355726227519
"qmalgpiqjodq.com","cryptolocker","qmalgpiqjodq",12,0,0.5,3.18872187554087
"ncauqxtnuvhs.com","cryptolocker","ncauqxtnuvhs",12,0,0.583333333333333,3.25162916738782
"5vlqb1lk6g9htemsis41auon.com","gameoverdga","5vlqb1lk6g9htemsis41auon",24,6,0.5,4.33496250072116
"4lat62t6zimu1w2rrys160igo3.net","gameoverdga","4lat62t6zimu1w2rrys160igo3",26,10,0.769230769230769,4.13294404498096
"qxd04j1bwn86dfb60ppyx1wi0.biz","gameoverdga","qxd04j1bwn86dfb60ppyx1wi0",25,9,0.48,3.89366068968819
"pweblo95s4fyzui5coedmvdo.net","gameoverdga","pweblo95s4fyzui5coedmvdo",24,4,0.791666666666667,4.13684218813101
"111tuyw1abfiou1l5iaow17pk5u9.net","gameoverdga","111tuyw1abfiou1l5iaow17pk5u9",28,10,0.75,3.72647411825438
"gc2bua1i905dh1mlopfp1kgweiz.net","gameoverdga","gc2bua1i905dh1mlopfp1kgweiz",27,7,0.555555555555556,4.35655833541667
"blwwsqzgwkqn1poe2al1hsw5e5.biz","gameoverdga","blwwsqzgwkqn1poe2al1hsw5e5",26,5,0.307692307692308,3.93120894891032
"kbrtl41hc4l9s100kqtn13ny2bw.net","gameoverdga","kbrtl41hc4l9s100kqtn13ny2bw",27,10,0.518518518518518,4.06026203912038
"1kugebr4b9mmb1xtvugh55xbj4.com","gameoverdga","1kugebr4b9mmb1xtvugh55xbj4",26,7,0.615384615384615,3.85428587198725
"15w0ywx1eukbf21gl81kwudltfv.org","gameoverdga","15w0ywx1eukbf21gl81kwudltfv",27,8,0.518518518518518,3.9861879650463
"1en8tt0bmh2tq1875gsxx6gzf7.com","gameoverdga","1en8tt0bmh2tq1875gsxx6gzf7",26,10,0.384615384615385,4.13294404498096
"17eazor20mgxv16mksgc15ozqxg.com","gameoverdga","17eazor20mgxv16mksgc15ozqxg",27,8,0.555555555555556,4.10637731681803
"1skle0w1bv3f54iqimeio6bw3l.org","gameoverdga","1skle0w1bv3f54iqimeio6bw3l",26,8,0.461538461538462,4.05602096805788
"1ubpwv4gem1mh1m0x48n17ve5s6.biz","gameoverdga","1ubpwv4gem1mh1m0x48n17ve5s6",27,11,0.518518518518518,4.06026203912038
"xnj3xlbda9pw1gnlptvqmizai.net","gameoverdga","xnj3xlbda9pw1gnlptvqmizai",25,3,0.44,4.16385618977472
"wmi99wjisjbz1eltj9o15byjju.org","gameoverdga","wmi99wjisjbz1eltj9o15byjju",26,6,0.461538461538462,3.76334248827185
"1sv0sx26y5ynq141uuu81ppbrpd.biz","gameoverdga","1sv0sx26y5ynq141uuu81ppbrpd",27,10,0.481481481481481,3.95822916866988
"q7igjascwitn16z8qtqpt9l0u.com","gameoverdga","q7igjascwitn16z8qtqpt9l0u",25,6,0.52,4.18346518960165
"1lnneng3jyfhl1ft118k14xz522.biz","gameoverdga","1lnneng3jyfhl1ft118k14xz522",27,11,0.592592592592593,3.92657165117827
"18gml15rg4k63wswg9ryvp9g.net","gameoverdga","18gml15rg4k63wswg9ryvp9g",24,9,0.541666666666667,3.91829583405449
"1fszzdcjxif7oyh97f01622kc8.org","gameoverdga","1fszzdcjxif7oyh97f01622kc8",26,10,0.384615384615385,4.13294404498096
"1ipnskf9d6ctzx19mq31m461jy.com","gameoverdga","1ipnskf9d6ctzx19mq31m461jy",26,10,0.384615384615385,4.16197817967955
"nhnxxi1ifoo2b15hj7y71kd4gid.org","gameoverdga","nhnxxi1ifoo2b15hj7y71kd4gid",27,8,0.703703703703704,3.95822916866988
"924aawgqjim81xqddqmdnt3cu.com","gameoverdga","924aawgqjim81xqddqmdnt3cu",25,6,0.64,4.10346518960165
"xrug7o160lgp611dd1061wm1rvs.com","gameoverdga","xrug7o160lgp611dd1061wm1rvs",27,12,0.555555555555556,3.70804815007123
"1i2yfaanswogjapnfh81g8lli.biz","gameoverdga","1i2yfaanswogjapnfh81g8lli",25,5,0.68,3.89366068968819
"1t0j6c41jjnwlzco6so8ocwncb.com","gameoverdga","1t0j6c41jjnwlzco6so8ocwncb",26,7,0.384615384615385,3.71929452566698
"14k3jduqc3zj51jkrv2e1s4whmu.org","gameoverdga","14k3jduqc3zj51jkrv2e1s4whmu",27,9,0.333333333333333,4.10637731681803
"gbm4wn1ucyxoj7sltef8s69gr.net","gameoverdga","gbm4wn1ucyxoj7sltef8s69gr",25,6,0.56,4.48385618977473
"1pjszlwqdas3m11nveqf16s0m3y.biz","gameoverdga","1pjszlwqdas3m11nveqf16s0m3y",27,8,0.444444444444444,4.06026203912038
"7vprsb15lsqal1wh7usp3hm3gh.net","gameoverdga","7vprsb15lsqal1wh7usp3hm3gh",26,7,0.653846153846154,3.95006375643621
"1283cnlt8dtpc1ev6omy17euue8.org","gameoverdga","1283cnlt8dtpc1ev6omy17euue8",27,10,0.518518518518518,4.00434444636753
"16i3ehat2kgy61kkoterucfs3u.net","gameoverdga","16i3ehat2kgy61kkoterucfs3u",26,7,0.692307692307692,4.05602096805788
"12ka8x46pnefj1byuvyhqn856b.org","gameoverdga","12ka8x46pnefj1byuvyhqn856b",26,9,0.576923076923077,4.23890125660263
"es1xdr19mxi101wd0fy5112inou.net","gameoverdga","es1xdr19mxi101wd0fy5112inou",27,11,0.62962962962963,3.8841550945958
"1t1npyb29csxg1im7oxxk0i1cn.org","gameoverdga","1t1npyb29csxg1im7oxxk0i1cn",26,8,0.307692307692308,3.9790978911348
"7hst1sgriyt01rpd5h019dfryy.net","gameoverdga","7hst1sgriyt01rpd5h019dfryy",26,8,0.653846153846154,3.76718346789146
"lpe1a31osv1r1goekx21tloxfz.com","gameoverdga","lpe1a31osv1r1goekx21tloxfz",26,7,0.423076923076923,3.84026556519493
"1lu5x97rr3bga1niigvjxg3hk6.com","gameoverdga","1lu5x97rr3bga1niigvjxg3hk6",26,8,0.307692307692308,4.13294404498096
"1e9w2ox1pdpcx2vnuynfgln7om.org","gameoverdga","1e9w2ox1pdpcx2vnuynfgln7om",26,6,0.384615384615385,4.13294404498096
"19vll2zj95j5o1psn8oc1jukm86.net","gameoverdga","19vll2zj95j5o1psn8oc1jukm86",27,11,0.518518518518518,4.03230324274395
"13v2hjl1lbpvv72nhza1uckjgy.com","gameoverdga","13v2hjl1lbpvv72nhza1uckjgy",26,7,0.384615384615385,4.02698683335929
"1zhjd617rxs651o90srmy86ouf.org","gameoverdga","1zhjd617rxs651o90srmy86ouf",26,11,0.653846153846154,4.10390991028236
"19v6hoq1sdgmxa1g1i4kc1z0ki9p.biz","gameoverdga","19v6hoq1sdgmxa1g1i4kc1z0ki9p",28,10,0.357142857142857,4.10701061939915
"1h0v6m2r2ql6v132wpwh1h72u4.net","gameoverdga","1h0v6m2r2ql6v132wpwh1h72u4",26,13,0.5,3.79621760259006
"1ki3q4hyy3g9r17u37ad1wxyglj.org","gameoverdga","1ki3q4hyy3g9r17u37ad1wxyglj",27,10,0.37037037037037,4.0784185204416
"1inigdjk0uvct1b13vgfzz0rd6.org","gameoverdga","1inigdjk0uvct1b13vgfzz0rd6",26,7,0.5,4.05602096805788
"10oz3s63xxhznkybfy3me3pf6.org","gameoverdga","10oz3s63xxhznkybfy3me3pf6",25,8,0.32,3.92385618977472
"rbzegewm2x3u113eogi1w47vz.net","gameoverdga","rbzegewm2x3u113eogi1w47vz",25,8,0.44,3.94346518960165
"5pcjae19cfkqi1ut5pav1x8sb80.biz","gameoverdga","5pcjae19cfkqi1ut5pav1x8sb80",27,9,0.555555555555556,4.20841018726852
"1ur297s1iskkd21rvquchylj6mx.net","gameoverdga","1ur297s1iskkd21rvquchylj6mx",27,8,0.407407407407407,4.20841018726852
"78at09szblpywsn60a9cydg9.com","gameoverdga","78at09szblpywsn60a9cydg9",24,8,0.583333333333333,4.05350885479768
"1xwaozz1noxsz0zfbu3sq8zcsz.org","gameoverdga","1xwaozz1noxsz0zfbu3sq8zcsz",26,5,0.307692307692308,3.69026039096838
"8xhspm1r5js8wkpk7o661xjh2.biz","gameoverdga","8xhspm1r5js8wkpk7o661xjh2",25,9,0.48,3.92385618977472
"zaz5w9lco2vz1qj91an1ug9yrb.biz","gameoverdga","zaz5w9lco2vz1qj91an1ug9yrb",26,8,0.307692307692308,4.07487577558377
"osy6921tpinsk1daewxf1iu17yz.org","gameoverdga","osy6921tpinsk1daewxf1iu17yz",27,8,0.740740740740741,4.23636898364495
"1hcbgb05nch2zfgc4v31nm26sx.org","gameoverdga","1hcbgb05nch2zfgc4v31nm26sx",26,9,0.576923076923077,4.05602096805788
"1wulqx01ww7myd1h0hlxo19jk8r.com","gameoverdga","1wulqx01ww7myd1h0hlxo19jk8r",27,9,0.333333333333333,3.9861879650463
"c7d2fkvl7ubastculr169pujs.org","gameoverdga","c7d2fkvl7ubastculr169pujs",25,6,0.56,4.13366068968819
"blwwo91jw58dnypw1ur11yd91c.net","gameoverdga","blwwo91jw58dnypw1ur11yd91c",26,9,0.461538461538462,3.71545354604737
"2n1ms9rtbki86gtftn1c7pop9.com","gameoverdga","2n1ms9rtbki86gtftn1c7pop9",25,8,0.56,4.13366068968819
"r3c86kddjz8xphjbty15kb1z6.net","gameoverdga","r3c86kddjz8xphjbty15kb1z6",25,8,0.48,4.00385618977472
"kwsh6c1h9jw7zh0ytjpi45c4g.com","gameoverdga","kwsh6c1h9jw7zh0ytjpi45c4g",25,8,0.32,4.13366068968819
"po4lgp94d6u31fb3t0egx3lq1.com","gameoverdga","po4lgp94d6u31fb3t0egx3lq1",25,10,0.4,4.05366068968819
"tpmgdqfv49rswmu2byot3r0.org","gameoverdga","tpmgdqfv49rswmu2byot3r0",23,5,0.739130434782609,4.26269239083962
"1g7ig93qr9jyme2k76x14z43ig.biz","gameoverdga","1g7ig93qr9jyme2k76x14z43ig",26,12,0.461538461538462,4.05602096805788
"4woq3ulf2whb9hn0ei17sjwu2.net","gameoverdga","4woq3ulf2whb9hn0ei17sjwu2",25,8,0.32,4.21366068968819
"18gn2c61ytvj781ijt6ua15a5o5z.biz","gameoverdga","18gn2c61ytvj781ijt6ua15a5o5z",28,13,0.464285714285714,3.99468036840891
"vm0b7n197gum01je124oy8s25q.biz","gameoverdga","vm0b7n197gum01je124oy8s25q",26,13,0.615384615384615,4.20986712190404
"1b0iqx21t783ms19jvznd1fayf3.org","gameoverdga","1b0iqx21t783ms19jvznd1fayf3",27,11,0.518518518518518,4.31044305771902
"1qa9tewvxt9xlhsdnpd17jdb9c.net","gameoverdga","1qa9tewvxt9xlhsdnpd17jdb9c",26,6,0.538461538461538,4.10390991028236
"1od9c5t1888z8f74fslyzehtke.net","gameoverdga","1od9c5t1888z8f74fslyzehtke",26,10,0.692307692307692,4.0081320258334
"1ustjru1d3xaty1en4afawruabo.net","gameoverdga","1ustjru1d3xaty1en4afawruabo",27,5,0.740740740740741,3.95822916866988
"ckdqqq17qc3sebvcypymd7yan.net","gameoverdga","ckdqqq17qc3sebvcypymd7yan",25,4,0.56,3.78346518960165
"jsb93smux4l31kxz5mk1h8sk6n.biz","gameoverdga","jsb93smux4l31kxz5mk1h8sk6n",26,9,0.461538461538462,4.02698683335929
"192ws9f1d5rdcithx9re128ozar.biz","gameoverdga","192ws9f1d5rdcithx9re128ozar",27,10,0.777777777777778,4.0784185204416
"1blp0wc1hoxm2c1vg3m7m1hgx447.biz","gameoverdga","1blp0wc1hoxm2c1vg3m7m1hgx447",28,11,0.5,3.92325179698034
"9rj41o1jai9qe116b1zv93qeoe.biz","gameoverdga","9rj41o1jai9qe116b1zv93qeoe",26,11,0.653846153846154,3.65738527665018
"1v9ghs9os4lfmv1h6qn1l5fc55.org","gameoverdga","1v9ghs9os4lfmv1h6qn1l5fc55",26,10,0.384615384615385,3.87314067951313
"1jn76373xftwi1wwt7e192feyo.net","gameoverdga","1jn76373xftwi1wwt7e192feyo",26,11,0.692307692307692,3.84410654481454
"12s2c2pdrtpmo1mvw314p6ic8.org","gameoverdga","12s2c2pdrtpmo1mvw314p6ic8",25,10,0.56,3.91326968951511
"4ha3pl5bmg237c9zd2t9hfhk.biz","gameoverdga","4ha3pl5bmg237c9zd2t9hfhk",24,9,0.5,4.13684218813101
"1brs8rk1nnqtwy1jkrghj1a8wqu.com","gameoverdga","1brs8rk1nnqtwy1jkrghj1a8wqu",27,6,0.333333333333333,3.83803981689815
"1oexq1e10kjakq1u8odtvu1cihg.com","gameoverdga","1oexq1e10kjakq1u8odtvu1cihg",27,7,0.481481481481481,3.9545304475547
"o8y412nmam8616tdtzs1hmrsur.org","gameoverdga","o8y412nmam8616tdtzs1hmrsur",26,9,0.653846153846154,3.95006375643621
"1gqr4h51nylvb5xcp9zof0jv19.com","gameoverdga","1gqr4h51nylvb5xcp9zof0jv19",26,9,0.346153846153846,4.28679019882711
"1eb9xbk1s27g6z1s87xxkx29joh.net","gameoverdga","1eb9xbk1s27g6z1s87xxkx29joh",27,11,0.518518518518518,3.83803981689815
"5lncuc5q9s88z8cr3zjhliti.net","gameoverdga","5lncuc5q9s88z8cr3zjhliti",24,7,0.458333333333333,3.85538854220753
"1txkmpx1ykhjatrourgeqr0fn3.org","gameoverdga","1txkmpx1ykhjatrourgeqr0fn3",26,4,0.5,4.20986712190404
"uzg1lc6aciogl4apxx4uq7.com","gameoverdga","uzg1lc6aciogl4apxx4uq7",22,5,0.5,3.82306798227366
"ova63z1nqgzfjgmmw87dn94dt.net","gameoverdga","ova63z1nqgzfjgmmw87dn94dt",25,7,0.52,4.24385618977472
"kawck31on7nx91hvbm741j1pa8.com","gameoverdga","kawck31on7nx91hvbm741j1pa8",26,10,0.5,4.08505510275648
"1iwl1dz1vj9fws14bxdan916ntz.biz","gameoverdga","1iwl1dz1vj9fws14bxdan916ntz",27,9,0.444444444444444,3.9545304475547
"p9vuryzd26nn1xe3pc11uc56ys.net","gameoverdga","p9vuryzd26nn1xe3pc11uc56ys",26,9,0.461538461538462,4.05602096805788
"1w6r68p18j9n2idm5ko81chtkb.net","gameoverdga","1w6r68p18j9n2idm5ko81chtkb",26,11,0.653846153846154,4.18083298720544
"g6xh6k1reszp11l6b6o555j3q1.biz","gameoverdga","g6xh6k1reszp11l6b6o555j3q1",26,12,0.576923076923077,3.90217481421173
"7rk0sfn55tj117rctuv12p6e2g.org","gameoverdga","7rk0sfn55tj117rctuv12p6e2g",26,11,0.538461538461538,4.13294404498096
"sph6jj1cjui3t7r9bbr13mqccb.net","gameoverdga","sph6jj1cjui3t7r9bbr13mqccb",26,7,0.269230769230769,3.92102962173762
"1xc2q7q12t43ri1txeviya6xfyk.org","gameoverdga","1xc2q7q12t43ri1txeviya6xfyk",27,9,0.333333333333333,4.03230324274395
"1ls9jvcpj5r9z1eew30xd72dpy.org","gameoverdga","1ls9jvcpj5r9z1eew30xd72dpy",26,9,0.346153846153846,4.23890125660263
"ulkfyixdojfpbcix.eu","necurs","ulkfyixdojfpbcix",16,0,0.5625,3.625
"xlghgpw.de","necurs","xlghgpw",7,0,0,2.52164063634332
"diiphdfxctpnvgracsjej.ga","necurs","diiphdfxctpnvgracsjej",21,0,0.571428571428571,3.91612694658828
"appursieqsdqthqvqau.com","necurs","appursieqsdqthqvqau",19,0,0.421052631578947,3.40582225028569
"wqybruupnawhyulxfjjg.org","necurs","wqybruupnawhyulxfjjg",20,0,0.4,3.78418371977919
"mpsdmdtqvbglvgch.sc","necurs","mpsdmdtqvbglvgch",16,0,0.4375,3.5
"adfuqqdpkgpsysj.nu","necurs","adfuqqdpkgpsysj",15,0,0.533333333333333,3.37355726227519
"ybuushsjlonkpfjhoeunb.su","necurs","ybuushsjlonkpfjhoeunb",21,0,0.619047619047619,3.59446563696145
"pwgohejgojpisangfv.cx","necurs","pwgohejgojpisangfv",18,0,0.5,3.57243125132212
"eluixbgirhmwrx.tw","necurs","eluixbgirhmwrx",14,0,0,3.37878349348618
"xdbtwtiyqhgwkhjbohmm.org","necurs","xdbtwtiyqhgwkhjbohmm",20,0,0.45,3.68418371977919
"mpfslrusgnrjhiyd.ki","necurs","mpfslrusgnrjhiyd",16,0,0.375,3.75
"bgcvsmbffu.kz","necurs","bgcvsmbffu",10,0,0.6,2.92192809488736
"tailpfajcsnnwvf.co","necurs","tailpfajcsnnwvf",15,0,0.866666666666667,3.50689059560852
"mwfarphjxqnrae.bz","necurs","mwfarphjxqnrae",14,0,0.571428571428571,3.52164063634332
"aiepfduxlyakutkrkxujl.tj","necurs","aiepfduxlyakutkrkxujl",21,0,0.476190476190476,3.653756708287
"diuyhtnbivduv.de","necurs","diuyhtnbivduv",13,0,0.769230769230769,3.08505510275648
"kqquwmwcfcnhsba.com","necurs","kqquwmwcfcnhsba",15,0,0.533333333333333,3.50689059560852
"qjiwgclmvsd.biz","necurs","qjiwgclmvsd",11,0,0.545454545454545,3.4594316186373
"pficegpan.ug","necurs","pficegpan",9,0,0.888888888888889,2.94770277922009
"oicbitwcbsgslbpsoufwh.cm","necurs","oicbitwcbsgslbpsoufwh",21,0,0.761904761904762,3.55851861304891
"elwbiecdpxkaa.ru","necurs","elwbiecdpxkaa",13,0,0.461538461538462,3.39274741044878
"bgkcwtygjakeq.biz","necurs","bgkcwtygjakeq",13,0,0.692307692307692,3.39274741044878
"lqqdamnpdfqb.ru","necurs","lqqdamnpdfqb",12,0,0.666666666666667,3.0220552088742
"qcmgqsopi.ir","necurs","qcmgqsopi",9,0,0.777777777777778,2.94770277922009
"gjuhpktmautswsvcos.to","necurs","gjuhpktmautswsvcos",18,0,0.777777777777778,3.68354236243323
"aswadgjm.ug","necurs","aswadgjm",8,0,0.625,2.75
"gushqrmfakl.us","necurs","gushqrmfakl",11,0,0.727272727272727,3.4594316186373
"wgntcilpdcdfugi.to","necurs","wgntcilpdcdfugi",15,0,0.6,3.37355726227519
"phrqxxdvevidxbhnecsl.so","necurs","phrqxxdvevidxbhnecsl",20,0,0.4,3.68418371977919
"klmitgpa.com","necurs","klmitgpa",8,0,0.375,3
"vxkivafyiausrh.xxx","necurs","vxkivafyiausrh",14,0,0.785714285714286,3.37878349348618
"jhqjcqq.so","necurs","jhqjcqq",7,0,0,1.84237099317711
"ifyhraqnxnrr.cm","necurs","ifyhraqnxnrr",12,0,0.25,3.0220552088742
"wqypabjqbgjrysrqdhdac.us","necurs","wqypabjqbgjrysrqdhdac",21,0,0.19047619047619,3.59446563696145
"mrkworykahbp.ki","necurs","mrkworykahbp",12,0,0.25,3.25162916738782
"aoftlkoa.so","necurs","aoftlkoa",8,0,0.875,2.5
"wtftynuaboaopyr.in","necurs","wtftynuaboaopyr",15,0,0.933333333333333,3.37355726227519
"gilnipcuavvwruoebc.mu","necurs","gilnipcuavvwruoebc",18,0,0.5,3.72548055699787
"okasqntmuw.ms","necurs","okasqntmuw",10,0,0.4,3.32192809488736
"tjououfnlniwl.kz","necurs","tjououfnlniwl",13,0,0.230769230769231,3.08505510275648
"ucnuhoahcgqxeg.ga","necurs","ucnuhoahcgqxeg",14,0,0,3.23592635062903
"cjvxwiqjniyqsfke.in","necurs","cjvxwiqjniyqsfke",16,0,0,3.625
"fxjrhrldmtujuyju.cx","necurs","fxjrhrldmtujuyju",16,0,0.375,3.28063906222957
"rkmtisutrywtkrefcds.bz","necurs","rkmtisutrywtkrefcds",19,0,0.736842105263158,3.53688672374217
"wagpiyuoqsvlrdmfrdk.sx","necurs","wagpiyuoqsvlrdmfrdk",19,0,0.578947368421053,4.03740119765411
"sonmbsfqgl.ga","necurs","sonmbsfqgl",10,0,0.6,3.12192809488736
"dkmgrevbxhigrktki.ki","necurs","dkmgrevbxhigrktki",17,0,0.411764705882353,3.45482239994661
"kvtbqegjosa.us","necurs","kvtbqegjosa",11,0,0.363636363636364,3.4594316186373
"eixckrntiwsj.us","necurs","eixckrntiwsj",12,0,0.666666666666667,3.41829583405449
"fakjnilprbdslq.eu","necurs","fakjnilprbdslq",14,0,0.571428571428571,3.66449777920046
"wcerxhiuwytsba.co","necurs","wcerxhiuwytsba",14,0,0.214285714285714,3.66449777920046
"frsparbylosa.in","necurs","frsparbylosa",12,0,0.916666666666667,3.08496250072116
"qdqcyduuagiam.mx","necurs","qdqcyduuagiam",13,0,0.461538461538462,3.08505510275648
"idvfmvoqnawuffb.nu","necurs","idvfmvoqnawuffb",15,0,0.866666666666667,3.45656476213095
"wmulgjolmv.sh","necurs","wmulgjolmv",10,0,0.3,2.92192809488736
"bpqiweteycodgaeeus.tv","necurs","bpqiweteycodgaeeus",18,0,0.5,3.72548055699787
"xtewqkqxkrkuoiv.xxx","necurs","xtewqkqxkrkuoiv",15,0,0.4,3.32323142879762
"kjoemracqijcdxextmtn.su","necurs","kjoemracqijcdxextmtn",20,0,0.8,3.72192809488736
"ihsomxmrsoed.kz","necurs","ihsomxmrsoed",12,0,0.916666666666667,3.08496250072116
"wcyscvxmjbnjufihsknwp.bz","necurs","wcyscvxmjbnjufihsknwp",21,0,0.142857142857143,3.91612694658828
"kaiaqjqflhweouejd.nf","necurs","kaiaqjqflhweouejd",17,0,0.235294117647059,3.61687460595622
"rcwlodlsf.ir","necurs","rcwlodlsf",9,0,0.555555555555556,2.94770277922009
"lqvqonrwksyjbvtrrc.im","necurs","lqvqonrwksyjbvtrrc",18,0,0.666666666666667,3.68354236243323
"enqpcxeinpfoijmb.org","necurs","enqpcxeinpfoijmb",16,0,0.25,3.5
"nxsxjyrsekjalyfafqvdf.nu","necurs","nxsxjyrsekjalyfafqvdf",21,0,0.380952380952381,3.68970373219955
"xtnhhfqchhmvvq.su","necurs","xtnhhfqchhmvvq",14,0,0,2.95021206491475
"misbymcfthwydy.mn","necurs","misbymcfthwydy",14,0,0.714285714285714,3.32486295761736
"xpwdgcljbiqplyi.me","necurs","xpwdgcljbiqplyi",15,0,0.6,3.50689059560852
"gmuojgrcbsuvwquabmsnb.cc","necurs","gmuojgrcbsuvwquabmsnb",21,0,0.619047619047619,3.653756708287
"sclkqotjgrkbwe.xxx","necurs","sclkqotjgrkbwe",14,0,0.428571428571429,3.66449777920046
"letoiipkgkjhaabl.cx","necurs","letoiipkgkjhaabl",16,0,0.875,3.5
"xpylhbidultjx.biz","necurs","xpylhbidultjx",13,0,0.615384615384615,3.39274741044878
"xssnaxblnnqu.nf","necurs","xssnaxblnnqu",12,0,0.333333333333333,2.85538854220753
"lptsnnqmkvbloc.cx","necurs","lptsnnqmkvbloc",14,0,0.571428571428571,3.52164063634332
"ovfhvlqaukidgnusogybs.de","necurs","ovfhvlqaukidgnusogybs",21,0,0.523809523809524,3.91612694658828
"lkctmfiwcwcqydgtta.jp","necurs","lkctmfiwcwcqydgtta",18,0,0.611111111111111,3.53049305675748
"xmdhtluuceccmmjk.tv","necurs","xmdhtluuceccmmjk",16,0,0.4375,3.28063906222957
"yjbjtyrahhsfwbhqs.ru","necurs","yjbjtyrahhsfwbhqs",17,0,0.294117647058824,3.33717534112308
"xtnodsrvg.biz","necurs","xtnodsrvg",9,0,0.555555555555556,3.16992500144231
"dwjewlqkk.tj","necurs","dwjewlqkk",9,0,0.333333333333333,2.72548055699787
"lgykabalpfvgllj.jp","necurs","lgykabalpfvgllj",15,0,0.466666666666667,3.10689059560852
"oyxublrmp.de","necurs","oyxublrmp",9,0,0,3.16992500144231
"tvalgstvotl.biz","necurs","tvalgstvotl",11,0,1,2.66353275480425
"bygtxkwhcsebvnxqs.ru","necurs","bygtxkwhcsebvnxqs",17,0,0.352941176470588,3.73452166477975
"gniisoeilsa.mu","necurs","gniisoeilsa",11,0,0.727272727272727,2.84535093662244
"qgulxgks.ac","necurs","qgulxgks",8,0,0.75,2.75
"hqdxksxgdwj.us","necurs","hqdxksxgdwj",11,0,0,3.09579525500093
"ycmfjcfqqegtubg.tv","necurs","ycmfjcfqqegtubg",15,0,0.466666666666667,3.37355726227519
"ftkjjehpqrrxndch.tv","necurs","ftkjjehpqrrxndch",16,0,0.4375,3.625
"vcwylxaboiyu.com","necurs","vcwylxaboiyu",12,0,0.25,3.41829583405449
"ujjjbsbarbdx.ac","necurs","ujjjbsbarbdx",12,0,0.583333333333333,2.79248125036058
"fidntpflwk.org","necurs","fidntpflwk",10,0,0.6,3.12192809488736
"ycaonlr.sh","necurs","ycaonlr",7,0,0.571428571428571,2.8073549220576
"iblmduhaxpecmxqnwsk.la","necurs","iblmduhaxpecmxqnwsk",19,0,0.736842105263158,4.03740119765411
"smaolfvl.mu","necurs","smaolfvl",8,0,0.625,2.75
"lccysucihrjijpg.su","necurs","lccysucihrjijpg",15,0,0.466666666666667,3.32323142879762
"fnaeaoabpfajeiievt.sx","necurs","fnaeaoabpfajeiievt",18,0,0.611111111111111,3.23909791798879
"bmjitngoviebhbfc.pro","necurs","bmjitngoviebhbfc",16,0,0.6875,3.57781953111478
"ixvmnnlnm.bz","necurs","ixvmnnlnm",9,0,0,2.41938194564637
"cloudwore.net","nivdort","cloudwore",9,0,1,2.94770277922009
"musicvoice.net","nivdort","musicvoice",10,0,1,2.92192809488736
"dutygrow.net","nivdort","dutygrow",8,0,1,3
"meatvoice.net","nivdort","meatvoice",9,0,1,2.94770277922009
"sightfive.net","nivdort","sightfive",9,0,1,2.94770277922009
"spokebreak.net","nivdort","spokebreak",10,0,1,2.92192809488736
"spotcompe.net","nivdort","spotcompe",9,0,1,2.72548055699787
"deadeight.net","nivdort","deadeight",9,0,1,2.72548055699787
"headhelp.net","nivdort","headhelp",8,0,1,2.5
"drinkmeet.net","nivdort","drinkmeet",9,0,1,2.94770277922009
"thesehalf.net","nivdort","thesehalf",9,0,1,2.72548055699787
"dreamlate.net","nivdort","dreamlate",9,0,1,2.72548055699787
"movecompe.net","nivdort","movecompe",9,0,1,2.50325833477565
"hillcount.net","nivdort","hillcount",9,0,1,2.94770277922009
"drinkhello.net","nivdort","drinkhello",10,0,1,3.12192809488736
"dreamfeel.net","nivdort","dreamfeel",9,0,1,2.64160416786859
"deadscene.net","nivdort","deadscene",9,0,1,2.41938194564637
"quicksmall.net","nivdort","quicksmall",10,0,1,3.12192809488736
"watchthem.net","nivdort","watchthem",9,0,1,2.72548055699787
"hairroll.net","nivdort","hairroll",8,0,1,2.5
"gladhunt.net","nivdort","gladhunt",8,0,1,3
"hairthank.net","nivdort","hairthank",9,0,1,2.72548055699787
"caseconsiderable.net","nivdort","caseconsiderable",16,0,1,3.32781953111478
"spokehear.net","nivdort","spokehear",9,0,1,2.94770277922009
"visittell.net","nivdort","visittell",9,0,1,2.50325833477565
"meatonly.net","nivdort","meatonly",8,0,1,3
"threehouse.net","nivdort","threehouse",10,0,1,2.64643934467102
"lookslow.net","nivdort","lookslow",8,0,1,2.15563906222957
"whomlady.net","nivdort","whomlady",8,0,1,3
"whomhello.net","nivdort","whomhello",9,0,1,2.50325833477565
"wishrain.net","nivdort","wishrain",8,0,1,2.75
"upontoday.net","nivdort","upontoday",9,0,1,2.94770277922009
"ablemail.net","nivdort","ablemail",8,0,1,2.5
"mostsaturday.net","nivdort","mostsaturday",12,0,1,3.08496250072116
"arivekill.net","nivdort","arivekill",9,0,1,2.72548055699787
"rockcount.net","nivdort","rockcount",9,0,1,2.72548055699787
"signgreen.net","nivdort","signgreen",9,0,1,2.50325833477565
"humanprove.net","nivdort","humanprove",10,0,1,3.32192809488736
"equaldish.net","nivdort","equaldish",9,0,1,3.16992500144231
"wiferoad.net","nivdort","wiferoad",8,0,1,3
"hillsuch.net","nivdort","hillsuch",8,0,1,2.5
"jumpneck.net","nivdort","jumpneck",8,0,1,3
"whichcroud.net","nivdort","whichcroud",10,0,1,2.92192809488736
"uponthey.net","nivdort","uponthey",8,0,1,3
"roomwash.net","nivdort","roomwash",8,0,1,2.75
"septemberpaid.net","nivdort","septemberpaid",13,0,1,3.18083298720544
"hillrain.net","nivdort","hillrain",8,0,1,2.5
"pickfell.net","nivdort","pickfell",8,0,1,2.75
"feltsuch.net","nivdort","feltsuch",8,0,1,3
"pickthrew.net","nivdort","pickthrew",9,0,1,3.16992500144231
"takenrain.net","nivdort","takenrain",9,0,1,2.72548055699787
"takennovember.net","nivdort","takennovember",13,0,1,3.18083298720544
"dutymeet.net","nivdort","dutymeet",8,0,1,2.5
"mostcroud.net","nivdort","mostcroud",9,0,1,2.94770277922009
"casehelp.net","nivdort","casehelp",8,0,1,2.75
"spotlight.net","nivdort","spotlight",9,0,1,2.94770277922009
"jumpmarch.net","nivdort","jumpmarch",9,0,1,2.94770277922009
"wishgives.net","nivdort","wishgives",9,0,1,2.72548055699787
"casescene.net","nivdort","casescene",9,0,1,2.19715972342415
"saltfine.net","nivdort","saltfine",8,0,1,3
"fairbody.net","nivdort","fairbody",8,0,1,3
"quickguide.net","nivdort","quickguide",10,0,1,2.92192809488736
"cloudvoice.net","nivdort","cloudvoice",10,0,1,2.92192809488736
"takenpure.net","nivdort","takenpure",9,0,1,2.94770277922009
"darkhappy.net","nivdort","darkhappy",9,0,1,2.72548055699787
"roomhelp.net","nivdort","roomhelp",8,0,1,2.75
"signvoice.net","nivdort","signvoice",9,0,1,2.94770277922009
"wishthank.net","nivdort","wishthank",9,0,1,2.94770277922009
"hillwrote.net","nivdort","hillwrote",9,0,1,2.94770277922009
"looklight.net","nivdort","looklight",9,0,1,2.72548055699787
"knowheight.net","nivdort","knowheight",10,0,1,3.12192809488736
"withdish.net","nivdort","withdish",8,0,1,2.5
"spotgrow.net","nivdort","spotgrow",8,0,1,2.75
"madesince.net","nivdort","madesince",9,0,1,2.94770277922009
"visithurry.net","nivdort","visithurry",10,0,1,2.92192809488736
"darkgold.net","nivdort","darkgold",8,0,1,2.75
"lookbelow.net","nivdort","lookbelow",9,0,1,2.41938194564637
"groupmonday.net","nivdort","groupmonday",11,0,1,3.27761343681912
"southcause.net","nivdort","southcause",10,0,1,2.92192809488736
"dreamrise.net","nivdort","dreamrise",9,0,1,2.72548055699787
"madeheight.net","nivdort","madeheight",10,0,1,2.92192809488736
"septemberbody.net","nivdort","septemberbody",13,0,1,3.18083298720544
"arivedance.net","nivdort","arivedance",10,0,1,2.92192809488736
"arivecount.net","nivdort","arivecount",10,0,1,3.32192809488736
"lookpast.net","nivdort","lookpast",8,0,1,2.75
"frontslow.net","nivdort","frontslow",9,0,1,2.94770277922009
"yardmail.net","nivdort","yardmail",8,0,1,2.75
"meatfeel.net","nivdort","meatfeel",8,0,1,2.40563906222957
"offerpeace.net","nivdort","offerpeace",10,0,1,2.64643934467102
"hanghome.net","nivdort","hanghome",8,0,1,2.75
"signsleep.net","nivdort","signsleep",9,0,1,2.72548055699787
"equaldare.net","nivdort","equaldare",9,0,1,2.72548055699787
"thiscroud.net","nivdort","thiscroud",9,0,1,3.16992500144231
"jumpfood.net","nivdort","jumpfood",8,0,1,2.75
"rockhope.net","nivdort","rockhope",8,0,1,2.75
"wrongleft.net","nivdort","wrongleft",9,0,1,3.16992500144231
"spendlive.net","nivdort","spendlive",9,0,1,2.94770277922009
"thisiron.net","nivdort","thisiron",8,0,1,2.75
"caseking.net","nivdort","caseking",8,0,1,3
"visitstood.net","nivdort","visitstood",10,0,1,2.52192809488736
